{
  "$schema": "http://json-schema.org/draft-04/schema#",
  "id": "http://jsonschema.net",
  "type": "object",
  "properties": {
    "applyLoan": {
      "id": "http://jsonschema.net/applyLoan",
      "type": "object",
      "properties": {
        "credentials": {
          "id": "http://jsonschema.net/applyLoan/credentials",
          "type": "object",
          "properties": {
            "accountId": {
              "id": "http://jsonschema.net/applyLoan/credentials/accountId",
              "type": "string"
            },
            "accountPassword": {
              "id": "http://jsonschema.net/applyLoan/credentials/accountPassword",
              "type": "string"
            }
          },
          "required": [
            "accountId",
            "accountPassword"
          ]
        },
        "customerDetails": {
          "id": "http://jsonschema.net/applyLoan/customerDetails",
          "type": "object",
          "properties": {
            "customerId": {
              "id": "http://jsonschema.net/applyLoan/customerDetails/customerId",
              "type": "string"
            },
            "activeMilitary": {
              "id": "http://jsonschema.net/applyLoan/customerDetails/activeMilitary",
              "type": "string"
            },
            "ofacStatus": {
              "id": "http://jsonschema.net/applyLoan/customerDetails/ofacStatus",
              "type": "string"
            },
            "nameInfo": {
              "id": "http://jsonschema.net/applyLoan/customerDetails/nameInfo",
              "type": "object",
              "properties": {
                "firstName": {
                  "id": "http://jsonschema.net/applyLoan/customerDetails/nameInfo/firstName",
                  "type": "string"
                },
                "lastName": {
                  "id": "http://jsonschema.net/applyLoan/customerDetails/nameInfo/lastName",
                  "type": "string"
                }
              }
            },
            "addressInfo": {
              "id": "http://jsonschema.net/applyLoan/customerDetails/addressInfo",
              "type": "object",
              "properties": {
                "addressLine1": {
                  "id": "http://jsonschema.net/applyLoan/customerDetails/addressInfo/addressLine1",
                  "type": "string"
                },
                "addressLine2": {
                  "id": "http://jsonschema.net/applyLoan/customerDetails/addressInfo/addressLine2",
                  "type": "string"
                },
                "city": {
                  "id": "http://jsonschema.net/applyLoan/customerDetails/addressInfo/city",
                  "type": "string"
                },
                "state": {
                  "id": "http://jsonschema.net/applyLoan/customerDetails/addressInfo/state",
                  "type": "string"
                },
                "zipcode": {
                  "id": "http://jsonschema.net/applyLoan/customerDetails/addressInfo/zipcode",
                  "type": "string"
                },
                "monthsAtAddress": {
                  "id": "http://jsonschema.net/applyLoan/customerDetails/addressInfo/monthsAtAddress",
                  "type": "string"
                }
              }
            },
            "incomeInfo": {
              "id": "http://jsonschema.net/applyLoan/customerDetails/incomeInfo",
              "type": "object",
              "properties": {
                "grossPay": {
                  "id": "http://jsonschema.net/applyLoan/customerDetails/incomeInfo/grossPay",
                  "type": "string"
                },
                "payFreq": {
                  "id": "http://jsonschema.net/applyLoan/customerDetails/incomeInfo/payFreq",
                  "type": "string"
                },
                "nextPayDate": {
                  "id": "http://jsonschema.net/applyLoan/customerDetails/incomeInfo/nextPayDate",
                  "type": "string"
                },
                "firstPayDate": {
                  "id": "http://jsonschema.net/applyLoan/customerDetails/incomeInfo/firstPayDate",
                  "type": "string"
                },
                "secondPayDate": {
                  "id": "http://jsonschema.net/applyLoan/customerDetails/incomeInfo/secondPayDate",
                  "type": "string"
                },
                "payStubAttachment": {
                  "id": "http://jsonschema.net/applyLoan/customerDetails/incomeInfo/payStubAttachment",
                  "type": "string"
                },
                "payStubAttachmentName": {
                  "id": "http://jsonschema.net/applyLoan/customerDetails/incomeInfo/payStubAttachmentName",
                  "type": "string"
                },
                "monthsOfService": {
                  "id": "http://jsonschema.net/applyLoan/customerDetails/incomeInfo/monthsOfService",
                  "type": "string"
                },
                "incomeSource": {
                  "id": "http://jsonschema.net/applyLoan/customerDetails/incomeInfo/incomeSource",
                  "type": "string"
                }
              }
            },
            "custCommInfo": {
              "id": "http://jsonschema.net/applyLoan/customerDetails/custCommInfo",
              "type": "object",
              "properties": {
                "emailId": {
                  "id": "http://jsonschema.net/applyLoan/customerDetails/custCommInfo/emailId",
                  "type": "string"
                },
                "mobileNbr": {
                  "id": "http://jsonschema.net/applyLoan/customerDetails/custCommInfo/mobileNbr",
                  "type": "string"
                }
              }
            },
            "custNotifyPreferences": {
              "id": "http://jsonschema.net/applyLoan/customerDetails/custNotifyPreferences",
              "type": "object",
              "properties": {
                "smsOptIn": {
                  "id": "http://jsonschema.net/applyLoan/customerDetails/custNotifyPreferences/smsOptIn",
                  "type": "string"
                },
                "emailOptIn": {
                  "id": "http://jsonschema.net/applyLoan/customerDetails/custNotifyPreferences/emailOptIn",
                  "type": "string"
                }
              }
            },
            "employerInfo": {
              "id": "http://jsonschema.net/applyLoan/customerDetails/employerInfo",
              "type": "object",
              "properties": {
                "employerName": {
                  "id": "http://jsonschema.net/applyLoan/customerDetails/employerInfo/employerName",
                  "type": "string"
                },
                "employerPhoneNbr": {
                  "id": "http://jsonschema.net/applyLoan/customerDetails/employerInfo/employerPhoneNbr",
                  "type": "string"
                }
              }
            },
            "bankInfo": {
              "id": "http://jsonschema.net/applyLoan/customerDetails/bankInfo",
              "type": "object",
              "properties": {
                "abaCode": {
                  "id": "http://jsonschema.net/applyLoan/customerDetails/bankInfo/abaCode",
                  "type": "string"
                },
                "accountNbr": {
                  "id": "http://jsonschema.net/applyLoan/customerDetails/bankInfo/accountNbr",
                  "type": "string"
                },
                "hasDirectDeposit": {
                  "id": "http://jsonschema.net/applyLoan/customerDetails/bankInfo/hasDirectDeposit",
                  "type": "string"
                },
                "accountType": {
                  "id": "http://jsonschema.net/applyLoan/customerDetails/bankInfo/accountType",
                  "type": "string"
                },
                "bankStatementAttachment": {
                  "id": "http://jsonschema.net/applyLoan/customerDetails/bankInfo/bankStatementAttachment",
                  "type": "string"
                },
                "bankStatementAttachmentName": {
                  "id": "http://jsonschema.net/applyLoan/customerDetails/bankInfo/bankStatementAttachmentName",
                  "type": "string"
                },
                "cardInfo": {
                  "id": "http://jsonschema.net/applyLoan/customerDetails/bankInfo/cardInfo",
                  "type": "object",
                  "properties": {
                    "cardType": {
                      "id": "http://jsonschema.net/applyLoan/customerDetails/bankInfo/cardInfo/cardType",
                      "type": "string"
                    },
                    "nameOnCard": {
                      "id": "http://jsonschema.net/applyLoan/customerDetails/bankInfo/cardInfo/nameOnCard",
                      "type": "string"
                    },
                    "cardNbr": {
                      "id": "http://jsonschema.net/applyLoan/customerDetails/bankInfo/cardInfo/cardNbr",
                      "type": "string"
                    },
                    "cardExpiryDt": {
                      "id": "http://jsonschema.net/applyLoan/customerDetails/bankInfo/cardInfo/cardExpiryDt",
                      "type": "string"
                    },
                    "cardCVV": {
                      "id": "http://jsonschema.net/applyLoan/customerDetails/bankInfo/cardInfo/cardCVV",
                      "type": "string"
                    }
                  }
                }
              }
            },
            "iddetailsInfo": {
              "id": "http://jsonschema.net/applyLoan/customerDetails/iddetailsInfo",
              "type": "object",
              "properties": {
                "ssn": {
                  "id": "http://jsonschema.net/applyLoan/customerDetails/iddetailsInfo/ssn",
                  "type": "string"
                },
                "dateOfBirth": {
                  "id": "http://jsonschema.net/applyLoan/customerDetails/iddetailsInfo/dateOfBirth",
                  "type": "string"
                },
                "userIdentification": {
                  "id": "http://jsonschema.net/applyLoan/customerDetails/iddetailsInfo/userIdentification",
                  "type": "object",
                  "properties": {
                    "state": {
                      "id": "http://jsonschema.net/applyLoan/customerDetails/iddetailsInfo/userIdentification/state",
                      "type": "string"
                    },
                    "idType": {
                      "id": "http://jsonschema.net/applyLoan/customerDetails/iddetailsInfo/userIdentification/idType",
                      "type": "string"
                    },
                    "idNumber": {
                      "id": "http://jsonschema.net/applyLoan/customerDetails/iddetailsInfo/userIdentification/idNumber",
                      "type": "string"
                    },
                    "idAttachment": {
                      "id": "http://jsonschema.net/applyLoan/customerDetails/iddetailsInfo/userIdentification/idAttachment",
                      "type": "string"
                    },
                    "idAttachmentName": {
                      "id": "http://jsonschema.net/applyLoan/customerDetails/iddetailsInfo/userIdentification/idAttachmentName",
                      "type": "string"
                    }
                  }
                }
              }
            }
          }
        },
        "loanApplication": {
          "id": "http://jsonschema.net/applyLoan/loanApplication",
          "type": "object",
          "properties": {
            "requestedLoanAmount": {
              "id": "http://jsonschema.net/applyLoan/loanApplication/requestedLoanAmount",
              "type": "string"
            },
            "payezScore": {
              "id": "http://jsonschema.net/applyLoan/loanApplication/payezScore",
              "type": "string"
            },
            "paymentMode": {
              "id": "http://jsonschema.net/applyLoan/loanApplication/paymentMode",
              "type": "string"
            },
            "loanTerm": {
              "id": "http://jsonschema.net/applyLoan/loanApplication/loanTerm",
              "type": "string"
            },
            "ficoScore": {
              "id": "http://jsonschema.net/applyLoan/loanApplication/ficoScore",
              "type": "string"
            },
            "isAddressVerified": {
              "id": "http://jsonschema.net/applyLoan/loanApplication/isAddressVerified",
              "type": "string"
            },
            "isPhoneVerified": {
              "id": "http://jsonschema.net/applyLoan/loanApplication/isPhoneVerified",
              "type": "string"
            },
            "isSSNVerified": {
              "id": "http://jsonschema.net/applyLoan/loanApplication/isSSNVerified",
              "type": "string"
            },
            "isIdVerified": {
              "id": "http://jsonschema.net/applyLoan/loanApplication/isIdVerified",
              "type": "string"
            },
            "isBankAccountVerified": {
              "id": "http://jsonschema.net/applyLoan/loanApplication/isBankAccountVerified",
              "type": "string"
            },
            "isEmploymentVerified": {
              "id": "http://jsonschema.net/applyLoan/loanApplication/isEmploymentVerified",
              "type": "string"
            },
            "isIncomeVerified": {
              "id": "http://jsonschema.net/applyLoan/loanApplication/isIncomeVerified",
              "type": "string"
            },
            "merchantDetails": {
              "id": "http://jsonschema.net/applyLoan/loanApplication/merchantDetails",
              "type": "object",
              "properties": {
                "merchantId": {
                  "id": "http://jsonschema.net/applyLoan/loanApplication/merchantDetails/merchantId",
                  "type": "string"
                }
              }
            },
            "invoiceDetails": {
              "id": "http://jsonschema.net/applyLoan/loanApplication/invoiceDetails",
              "type": "object",
              "properties": {
                "merchandiseDetails": {
                  "id": "http://jsonschema.net/applyLoan/loanApplication/invoiceDetails/merchandiseDetails",
                  "type": "object",
                  "properties": {
                    "merchandiseCategory": {
                      "id": "http://jsonschema.net/applyLoan/loanApplication/invoiceDetails/merchandiseDetails/merchandiseCategory",
                      "type": "string"
                    },
                    "itemDetails": {
                      "id": "http://jsonschema.net/applyLoan/loanApplication/invoiceDetails/merchandiseDetails/itemDetails",
                      "type": "array",
                      "items": {
                          "id": "http://jsonschema.net/applyLoan/loanApplication/invoiceDetails/merchandiseDetails/itemDetails",
                          "type": "object",
                          "properties": {
                            "quantity": {
                              "id": "http://jsonschema.net/applyLoan/loanApplication/invoiceDetails/merchandiseDetails/itemDetails/quantity",
                              "type": "string"
                            },
                            "stockNumber": {
                              "id": "http://jsonschema.net/applyLoan/loanApplication/invoiceDetails/merchandiseDetails/itemDetails/stockNumber",
                              "type": "string"
                            },
                            "description": {
                              "id": "http://jsonschema.net/applyLoan/loanApplication/invoiceDetails/merchandiseDetails/itemDetails/description",
                              "type": "string"
                            },
                            "listPrice": {
                              "id": "http://jsonschema.net/applyLoan/loanApplication/invoiceDetails/merchandiseDetails/itemDetails/listPrice",
                              "type": "string"
                            },
                            "tradeInValue": {
                              "id": "http://jsonschema.net/applyLoan/loanApplication/invoiceDetails/merchandiseDetails/itemDetails/tradeInValue",
                              "type": "string"
                            },
                            "amount": {
                              "id": "http://jsonschema.net/applyLoan/loanApplication/invoiceDetails/merchandiseDetails/itemDetails/amount",
                              "type": "string"
                            }
                          }
                        },
						"minItems": 1
                    }
                  }
                },
                "itemization": {
                  "id": "http://jsonschema.net/applyLoan/loanApplication/invoiceDetails/itemization",
                  "type": "object",
                  "properties": {
                    "cashPrice": {
                      "id": "http://jsonschema.net/applyLoan/loanApplication/invoiceDetails/itemization/cashPrice",
                      "type": "object",
                      "properties": {
                        "merchandisePrice": {
                          "id": "http://jsonschema.net/applyLoan/loanApplication/invoiceDetails/itemization/cashPrice/merchandisePrice",
                          "type": "string"
                        },
                        "protectionPlan": {
                          "id": "http://jsonschema.net/applyLoan/loanApplication/invoiceDetails/itemization/cashPrice/protectionPlan",
                          "type": "string"
                        },
                        "services": {
                          "id": "http://jsonschema.net/applyLoan/loanApplication/invoiceDetails/itemization/cashPrice/services",
                          "type": "string"
                        },
                        "salesTax": {
                          "id": "http://jsonschema.net/applyLoan/loanApplication/invoiceDetails/itemization/cashPrice/salesTax",
                          "type": "string"
                        },
                        "totalCashPrice": {
                          "id": "http://jsonschema.net/applyLoan/loanApplication/invoiceDetails/itemization/cashPrice/totalCashPrice",
                          "type": "string"
                        }
                      }
                    },
                    "downpayment": {
                      "id": "http://jsonschema.net/applyLoan/loanApplication/invoiceDetails/itemization/downpayment",
                      "type": "object",
                      "properties": {
                        "cashDownPayment": {
                          "id": "http://jsonschema.net/applyLoan/loanApplication/invoiceDetails/itemization/downpayment/cashDownPayment",
                          "type": "string"
                        },
                        "tradeIn": {
                          "id": "http://jsonschema.net/applyLoan/loanApplication/invoiceDetails/itemization/downpayment/tradeIn",
                          "type": "string"
                        },
                        "salesTaxCredit": {
                          "id": "http://jsonschema.net/applyLoan/loanApplication/invoiceDetails/itemization/downpayment/salesTaxCredit",
                          "type": "string"
                        },
                        "totalDownPayment": {
                          "id": "http://jsonschema.net/applyLoan/loanApplication/invoiceDetails/itemization/downpayment/totalDownPayment",
                          "type": "string"
                        }
                      }
                    },
                    "amountFinanced": {
                      "id": "http://jsonschema.net/applyLoan/loanApplication/invoiceDetails/itemization/amountFinanced",
                      "type": "string"
                    }
                  }
                }
              }
            }
          }
        }
      },
      "required": [
        "credentials",
        "customerDetails",
        "loanApplication"
      ]
    }
  },
  "required": [
    "applyLoan"
  ]
}