{
  "$schema": "http://json-schema.org/draft-04/schema#",
  "id": "http://jsonschema.net",
  "type": "object",
  "properties": {
    "cancelLoan": {
      "id": "http://jsonschema.net/cancelLoan",
      "type": "object",
      "properties": {
        "credentials": {
          "id": "http://jsonschema.net/cancelLoan/credentials",
          "type": "object",
          "properties": {
            "accountId": {
              "id": "http://jsonschema.net/cancelLoan/credentials/accountId",
              "type": "string"
            },
            "accountPassword": {
              "id": "http://jsonschema.net/cancelLoan/credentials/accountPassword",
              "type": "string"
            }
          },
          "required": [
            "accountId",
            "accountPassword"
          ]
        },
        "customerId": {
          "id": "http://jsonschema.net/cancelLoan/customerId",
          "type": "string"
        },
        "loanEntity": {
          "id": "http://jsonschema.net/cancelLoan/loanEntity",
          "type": "object",
          "properties": {
            "loanNumber": {
              "id": "http://jsonschema.net/cancelLoan/loanEntity/loanNumber",
              "type": "string"
            },
            "productType": {
              "id": "http://jsonschema.net/cancelLoan/loanEntity/productType",
              "type": "string"
            },
            "cancelMode": {
              "id": "http://jsonschema.net/cancelLoan/loanEntity/cancelMode",
              "type": "string"
            }
          }
        }
      },
      "required": [
        "credentials",
        "customerId",
        "loanEntity"
      ]
    }
  },
  "required": [
    "cancelLoan"
  ]
}