{
  "$schema": "http://json-schema.org/draft-04/schema#",
  "id": "http://jsonschema.net",
  "type": "object",
  "properties": {
    "confirmLoan": {
      "id": "http://jsonschema.net/confirmLoan",
      "type": "object",
      "properties": {
        "credentials": {
          "id": "http://jsonschema.net/confirmLoan/credentials",
          "type": "object",
          "properties": {
            "accountId": {
              "id": "http://jsonschema.net/confirmLoan/credentials/accountId",
              "type": "string"
            },
            "accountPassword": {
              "id": "http://jsonschema.net/confirmLoan/credentials/accountPassword",
              "type": "string"
            }
          },
          "required": [
            "accountId",
            "accountPassword"
          ]
        },
        "customerId": {
          "id": "http://jsonschema.net/confirmLoan/customerId",
          "type": "string"
        },
        "disbType": {
          "id": "http://jsonschema.net/confirmLoan/disbType",
          "type": "string"
        },
        "isPaymentAuthorization": {
          "id": "http://jsonschema.net/confirmLoan/isPaymentAuthorization",
          "type": "string"
        },
        "esignedLoanEntity": {
          "id": "http://jsonschema.net/confirmLoan/esignedLoanEntity",
          "type": "object",
          "properties": {
            "appno": {
              "id": "http://jsonschema.net/confirmLoan/esignedLoanEntity/appno",
              "type": "string"
            },
            "productType": {
              "id": "http://jsonschema.net/confirmLoan/esignedLoanEntity/productType",
              "type": "string"
            },
            "isEsignCompleted": {
              "id": "http://jsonschema.net/confirmLoan/esignedLoanEntity/isEsignCompleted",
              "type": "string"
            },
            "customer_sign": {
              "id": "http://jsonschema.net/confirmLoan/esignedLoanEntity/customer_sign",
              "type": "object",
              "properties": {
                "signedName": {
                  "id": "http://jsonschema.net/confirmLoan/esignedLoanEntity/customer_sign/signedName",
                  "type": "string"
                },
                "signature": {
                  "id": "http://jsonschema.net/confirmLoan/esignedLoanEntity/customer_sign/signature",
                  "type": "string"
                }
              }
            }
          }
        }
      },
      "required": [
        "credentials",
        "customerId",
        "disbType",
        "isPaymentAuthorization",
        "esignedLoanEntity"
      ]
    }
  },
  "required": [
    "confirmLoan"
  ]
}