{
  "$schema": "http://json-schema.org/draft-04/schema#",
  "id": "http://jsonschema.net",
  "type": "object",
  "properties": {
    "paymentAuth": {
      "id": "http://jsonschema.net/paymentAuth",
      "type": "object",
      "properties": {
        "credentials": {
          "id": "http://jsonschema.net/paymentAuth/credentials",
          "type": "object",
          "properties": {
            "accountId": {
              "id": "http://jsonschema.net/paymentAuth/credentials/accountId",
              "type": "string"
            },
            "accountPassword": {
              "id": "http://jsonschema.net/paymentAuth/credentials/accountPassword",
              "type": "string"
            }
          },
          "required": [
            "accountId",
            "accountPassword"
          ]
        },
        "paymentAuthEntity": {
          "id": "http://jsonschema.net/paymentAuth/paymentAuthEntity",
          "type": "object",
          "properties": {
            "customerId": {
              "id": "http://jsonschema.net/paymentAuth/paymentAuthEntity/customerId",
              "type": "string"
            },
            "lenderAppNumber": {
              "id": "http://jsonschema.net/paymentAuth/paymentAuthEntity/lenderAppNumber",
              "type": "string"
            },
            "paymentMode": {
              "id": "http://jsonschema.net/paymentAuth/paymentAuthEntity/paymentMode",
              "type": "string"
            },
            "isEsignCompleted": {
              "id": "http://jsonschema.net/paymentAuth/paymentAuthEntity/isEsignCompleted",
              "type": "string"
            },
            "signedName": {
              "id": "http://jsonschema.net/paymentAuth/paymentAuthEntity/signedName",
              "type": "string"
            },
            "signature": {
              "id": "http://jsonschema.net/paymentAuth/paymentAuthEntity/signature",
              "type": "string"
            }
          },
		  "required": [
            "customerId",
            "lenderAppNumber",
			"paymentMode",
            "isEsignCompleted",
			"signedName",
            "signature"
          ]
        }
      },
      "required": [
        "credentials",
        "paymentAuthEntity"
      ]
    }
  },
  "required": [
    "paymentAuth"
  ]
}