{
  "$schema": "http://json-schema.org/draft-04/schema#",
  "id": "http://jsonschema.net",
  "type": "object",
  "properties": {
    "custUpdate": {
      "id": "http://jsonschema.net/custUpdate",
      "type": "object",
      "properties": {
        "credentials": {
          "id": "http://jsonschema.net/custUpdate/credentials",
          "type": "object",
          "properties": {
            "accountId": {
              "id": "http://jsonschema.net/custUpdate/credentials/accountId",
              "type": "string"
            },
            "accountPassword": {
              "id": "http://jsonschema.net/custUpdate/credentials/accountPassword",
              "type": "string"
            }
          },
          "required": [
            "accountId",
            "accountPassword"
          ]
        },
        "customerDetails": {
          "id": "http://jsonschema.net/custUpdate/customerDetails",
          "type": "object",
          "properties": {
            "customerId": {
              "id": "http://jsonschema.net/custUpdate/customerDetails/customerId",
              "type": "string"
            },
            "activeMilitary": {
              "id": "http://jsonschema.net/custUpdate/customerDetails/activeMilitary",
              "type": "string"
            },
            "ofacStatus": {
              "id": "http://jsonschema.net/custUpdate/customerDetails/ofacStatus",
              "type": "string"
            },
            "nameInfo": {
              "id": "http://jsonschema.net/custUpdate/customerDetails/nameInfo",
              "type": "object",
              "properties": {
                "firstName": {
                  "id": "http://jsonschema.net/custUpdate/customerDetails/nameInfo/firstName",
                  "type": "string"
                },
                "lastName": {
                  "id": "http://jsonschema.net/custUpdate/customerDetails/nameInfo/lastName",
                  "type": "string"
                }
              }
            },
            "addressInfo": {
              "id": "http://jsonschema.net/custUpdate/customerDetails/addressInfo",
              "type": "object",
              "properties": {
                "addressLine1": {
                  "id": "http://jsonschema.net/custUpdate/customerDetails/addressInfo/addressLine1",
                  "type": "string"
                },
                "addressLine2": {
                  "id": "http://jsonschema.net/custUpdate/customerDetails/addressInfo/addressLine2",
                  "type": "string"
                },
                "city": {
                  "id": "http://jsonschema.net/custUpdate/customerDetails/addressInfo/city",
                  "type": "string"
                },
                "state": {
                  "id": "http://jsonschema.net/custUpdate/customerDetails/addressInfo/state",
                  "type": "string"
                },
                "zipcode": {
                  "id": "http://jsonschema.net/custUpdate/customerDetails/addressInfo/zipcode",
                  "type": "string"
                },
                "monthsAtAddress": {
                  "id": "http://jsonschema.net/custUpdate/customerDetails/addressInfo/monthsAtAddress",
                  "type": "string"
                }
              }
            },
            "incomeInfo": {
              "id": "http://jsonschema.net/custUpdate/customerDetails/incomeInfo",
              "type": "object",
              "properties": {
                "grossPay": {
                  "id": "http://jsonschema.net/custUpdate/customerDetails/incomeInfo/grossPay",
                  "type": "string"
                },
                "payFreq": {
                  "id": "http://jsonschema.net/custUpdate/customerDetails/incomeInfo/payFreq",
                  "type": "string"
                },
                "nextPayDate": {
                  "id": "http://jsonschema.net/custUpdate/customerDetails/incomeInfo/nextPayDate",
                  "type": "string"
                },
                "firstPayDate": {
                  "id": "http://jsonschema.net/custUpdate/customerDetails/incomeInfo/firstPayDate",
                  "type": "string"
                },
                "secondPayDate": {
                  "id": "http://jsonschema.net/custUpdate/customerDetails/incomeInfo/secondPayDate",
                  "type": "string"
                },
                "payStubAttachment": {
                  "id": "http://jsonschema.net/custUpdate/customerDetails/incomeInfo/payStubAttachment",
                  "type": "string"
                },
                "payStubAttachmentName": {
                  "id": "http://jsonschema.net/custUpdate/customerDetails/incomeInfo/payStubAttachmentName",
                  "type": "string"
                },
                "monthsOfService": {
                  "id": "http://jsonschema.net/custUpdate/customerDetails/incomeInfo/monthsOfService",
                  "type": "string"
                },
                "incomeSource": {
                  "id": "http://jsonschema.net/custUpdate/customerDetails/incomeInfo/incomeSource",
                  "type": "string"
                }
              }
            },
            "custCommInfo": {
              "id": "http://jsonschema.net/custUpdate/customerDetails/custCommInfo",
              "type": "object",
              "properties": {
                "emailId": {
                  "id": "http://jsonschema.net/custUpdate/customerDetails/custCommInfo/emailId",
                  "type": "string"
                },
                "mobileNbr": {
                  "id": "http://jsonschema.net/custUpdate/customerDetails/custCommInfo/mobileNbr",
                  "type": "string"
                }
              }
            },
            "custNotifyPreferences": {
              "id": "http://jsonschema.net/custUpdate/customerDetails/custNotifyPreferences",
              "type": "object",
              "properties": {
                "smsOptIn": {
                  "id": "http://jsonschema.net/custUpdate/customerDetails/custNotifyPreferences/smsOptIn",
                  "type": "string"
                },
                "emailOptIn": {
                  "id": "http://jsonschema.net/custUpdate/customerDetails/custNotifyPreferences/emailOptIn",
                  "type": "string"
                }
              }
            },
            "employerInfo": {
              "id": "http://jsonschema.net/custUpdate/customerDetails/employerInfo",
              "type": "object",
              "properties": {
                "employerName": {
                  "id": "http://jsonschema.net/custUpdate/customerDetails/employerInfo/employerName",
                  "type": "string"
                },
                "employerPhoneNbr": {
                  "id": "http://jsonschema.net/custUpdate/customerDetails/employerInfo/employerPhoneNbr",
                  "type": "string"
                }
              }
            },
            "bankInfo": {
              "id": "http://jsonschema.net/custUpdate/customerDetails/bankInfo",
              "type": "object",
              "properties": {
                "abaCode": {
                  "id": "http://jsonschema.net/custUpdate/customerDetails/bankInfo/abaCode",
                  "type": "string"
                },
                "accountNbr": {
                  "id": "http://jsonschema.net/custUpdate/customerDetails/bankInfo/accountNbr",
                  "type": "string"
                },
                "hasDirectDeposit": {
                  "id": "http://jsonschema.net/custUpdate/customerDetails/bankInfo/hasDirectDeposit",
                  "type": "string"
                },
                "accountType": {
                  "id": "http://jsonschema.net/custUpdate/customerDetails/bankInfo/accountType",
                  "type": "string"
                },
                "bankStatementAttachment": {
                  "id": "http://jsonschema.net/custUpdate/customerDetails/bankInfo/bankStatementAttachment",
                  "type": "string"
                },
                "bankStatementAttachmentName": {
                  "id": "http://jsonschema.net/custUpdate/customerDetails/bankInfo/bankStatementAttachmentName",
                  "type": "string"
                },
                "cardInfo": {
                  "id": "http://jsonschema.net/custUpdate/customerDetails/bankInfo/cardInfo",
                  "type": "object",
                  "properties": {
                    "cardType": {
                      "id": "http://jsonschema.net/custUpdate/customerDetails/bankInfo/cardInfo/cardType",
                      "type": "string"
                    },
                    "nameOnCard": {
                      "id": "http://jsonschema.net/custUpdate/customerDetails/bankInfo/cardInfo/nameOnCard",
                      "type": "string"
                    },
                    "cardNbr": {
                      "id": "http://jsonschema.net/custUpdate/customerDetails/bankInfo/cardInfo/cardNbr",
                      "type": "string"
                    },
                    "cardExpiryDt": {
                      "id": "http://jsonschema.net/custUpdate/customerDetails/bankInfo/cardInfo/cardExpiryDt",
                      "type": "string"
                    },
                    "cardCVV": {
                      "id": "http://jsonschema.net/custUpdate/customerDetails/bankInfo/cardInfo/cardCVV",
                      "type": "string"
                    }
                  }
                }
              }
            },
            "iddetailsInfo": {
              "id": "http://jsonschema.net/custUpdate/customerDetails/iddetailsInfo",
              "type": "object",
              "properties": {
                "ssn": {
                  "id": "http://jsonschema.net/custUpdate/customerDetails/iddetailsInfo/ssn",
                  "type": "string"
                },
                "dateOfBirth": {
                  "id": "http://jsonschema.net/custUpdate/customerDetails/iddetailsInfo/dateOfBirth",
                  "type": "string"
                },
                "userIdentification": {
                  "id": "http://jsonschema.net/custUpdate/customerDetails/iddetailsInfo/userIdentification",
                  "type": "object",
                  "properties": {
                    "state": {
                      "id": "http://jsonschema.net/custUpdate/customerDetails/iddetailsInfo/userIdentification/state",
                      "type": "string"
                    },
                    "idType": {
                      "id": "http://jsonschema.net/custUpdate/customerDetails/iddetailsInfo/userIdentification/idType",
                      "type": "string"
                    },
                    "idNumber": {
                      "id": "http://jsonschema.net/custUpdate/customerDetails/iddetailsInfo/userIdentification/idNumber",
                      "type": "string"
                    },
                    "idAttachment": {
                      "id": "http://jsonschema.net/custUpdate/customerDetails/iddetailsInfo/userIdentification/idAttachment",
                      "type": "string"
                    },
                    "idAttachmentName": {
                      "id": "http://jsonschema.net/custUpdate/customerDetails/iddetailsInfo/userIdentification/idAttachmentName",
                      "type": "string"
                    }
                  }
                },
                "driverLicence": {
                  "id": "http://jsonschema.net/custUpdate/customerDetails/iddetailsInfo/driverLicence",
                  "type": "string"
                }
              }
            }
          }
        }
      },
      "required": [
        "credentials",
        "customerDetails"
      ]
    }
  },
  "required": [
    "custUpdate"
  ]
}