{
  "$schema": "http://json-schema.org/draft-04/schema#",
  "id": "http://jsonschema.net",
  "type": "object",
  "properties": {
    "payOffAmt": {
      "id": "http://jsonschema.net/payOffAmt",
      "type": "object",
      "properties": {
        "credentials": {
          "id": "http://jsonschema.net/payOffAmt/credentials",
          "type": "object",
          "properties": {
            "accountId": {
              "id": "http://jsonschema.net/payOffAmt/credentials/accountId",
              "type": "string"
            },
            "accountPassword": {
              "id": "http://jsonschema.net/payOffAmt/credentials/accountPassword",
              "type": "string"
            }
          },
          "required": [
            "accountId",
            "accountPassword"
          ]
        },
        "payoffDetails": {
          "id": "http://jsonschema.net/payOffAmt/payoffDetails",
          "type": "object",
          "properties": {
            "loanNumber": {
              "id": "http://jsonschema.net/payOffAmt/payoffDetails/loanNumber",
              "type": "string"
            },
            "effectivePayoffDate": {
              "id": "http://jsonschema.net/payOffAmt/payoffDetails/effectivePayoffDate",
              "type": "string"
            }
          }
        }
      },
      "required": [
        "credentials",
        "payoffDetails"
      ]
    }
  },
  "required": [
    "payOffAmt"
  ]
}