{
  "$schema": "http://json-schema.org/draft-04/schema#",
  "id": "http://jsonschema.net",
  "type": "object",
  "properties": {
    "grnNote": {
      "id": "http://jsonschema.net/grnNote",
      "type": "object",
      "properties": {
        "GRNDetails": {
          "id": "http://jsonschema.net/grnNote/GRNDetails",
          "type": "object",
          "properties": {
            "lenderLoanNo": {
              "id": "http://jsonschema.net/grnNote/GRNDetails/lenderLoanNo",
              "type": "string"
            },
            "GRNDocName": {
              "id": "http://jsonschema.net/grnNote/GRNDetails/GRNDocName",
              "type": "string"
            },
            "GRNAttachment": {
              "id": "http://jsonschema.net/grnNote/GRNDetails/GRNAttachment",
              "type": "string"
            }
          },
          "required": [
            "lenderLoanNo",
            "GRNDocName",
            "GRNAttachment"
          ]
        }
      },
      "required": [
        "GRNDetails"
      ]
    }
  },
  "required": [
    "grnNote"
  ]
}