{
  "$schema": "http://json-schema.org/draft-04/schema#",
  "id": "http://jsonschema.net",
  "type": "object",
  "properties": {
    "makePayment": {
      "id": "http://jsonschema.net/makePayment",
      "type": "object",
      "properties": {
        "credentials": {
          "id": "http://jsonschema.net/makePayment/credentials",
          "type": "object",
          "properties": {
            "accountId": {
              "id": "http://jsonschema.net/makePayment/credentials/accountId",
              "type": "string"
            },
            "accountPassword": {
              "id": "http://jsonschema.net/makePayment/credentials/accountPassword",
              "type": "string"
            }
          },
          "required": [
            "accountId",
            "accountPassword"
          ]
        },
        "ssn": {
          "id": "http://jsonschema.net/makePayment/ssn",
          "type": "string"
        },
        "customerId": {
          "id": "http://jsonschema.net/makePayment/customerId",
          "type": "string"
        },
        "reScheduleFlag": {
          "id": "http://jsonschema.net/makePayment/reScheduleFlag",
          "type": "string"
        },
        "loanPaymentEntity": {
          "id": "http://jsonschema.net/makePayment/loanPaymentEntity",
          "type": "object",
          "properties": {
            "loanNumber": {
              "id": "http://jsonschema.net/makePayment/loanPaymentEntity/loanNumber",
              "type": "string"
            },
            "productType": {
              "id": "http://jsonschema.net/makePayment/loanPaymentEntity/productType",
              "type": "string"
            },
            "paymentAmount": {
              "id": "http://jsonschema.net/makePayment/loanPaymentEntity/paymentAmount",
              "type": "string"
            },
            "rcptType": {
              "id": "http://jsonschema.net/makePayment/loanPaymentEntity/rcptType",
              "type": "string"
            },
            "payOffFlag": {
              "id": "http://jsonschema.net/makePayment/loanPaymentEntity/payOffFlag",
              "type": "string"
            },
             "referenceNumber": {
              "id": "http://jsonschema.net/makePayment/loanPaymentEntity/referenceNumber",
              "type": "string"
            },
            "paymentDate": {
              "id": "http://jsonschema.net/makePayment/loanPaymentEntity/paymentDate",
              "type": "string"
            },
            "achCode": {
              "id": "http://jsonschema.net/makePayment/loanPaymentEntity/achCode",
              "type": "string"
            },
            "bankInfo": {
              "id": "http://jsonschema.net/makePayment/loanPaymentEntity/bankInfo",
              "type": "object",
              "properties": {
                "abaCode": {
                  "id": "http://jsonschema.net/makePayment/loanPaymentEntity/bankInfo/abaCode",
                  "type": "string"
                },
                "accountNbr": {
                  "id": "http://jsonschema.net/makePayment/loanPaymentEntity/bankInfo/accountNbr",
                  "type": "string"
                }
              }
            },
            "cardInfo": {
              "id": "http://jsonschema.net/makePayment/loanPaymentEntity/cardInfo",
              "type": "object",
              "properties": {
                "cardType": {
                  "id": "http://jsonschema.net/makePayment/loanPaymentEntity/cardInfo/cardType",
                  "type": "string"
                },
                "nameOnCard": {
                  "id": "http://jsonschema.net/makePayment/loanPaymentEntity/cardInfo/nameOnCard",
                  "type": "string"
                },
                "cardNbr": {
                  "id": "http://jsonschema.net/makePayment/loanPaymentEntity/cardInfo/cardNbr",
                  "type": "string"
                },
                "cardExpiryDt": {
                  "id": "http://jsonschema.net/makePayment/loanPaymentEntity/cardInfo/cardExpiryDt",
                  "type": "string"
                },
                "cardCVV": {
                  "id": "http://jsonschema.net/makePayment/loanPaymentEntity/cardInfo/cardCVV",
                  "type": "string"
                }
              }
            }
          },
		  "required": [
		     "bankInfo",
             "cardInfo"
		  ]
        }
      },
      "required": [
        "credentials",
        "ssn",
        "customerId",
        "reScheduleFlag",
        "loanPaymentEntity"
      ]
    }
  },
  "required": [
    "makePayment"
  ]
}