{
  "$schema": "http://json-schema.org/draft-04/schema#",
  "id": "http://jsonschema.net",
  "type": "object",
  "properties": {
    "getNOA": {
      "id": "http://jsonschema.net/getNOA",
      "type": "object",
      "properties": {
        "credentials": {
          "id": "http://jsonschema.net/getNOA/credentials",
          "type": "object",
          "properties": {
            "accountId": {
              "id": "http://jsonschema.net/getNOA/credentials/accountId",
              "type": "string"
            },
            "accountPassword": {
              "id": "http://jsonschema.net/getNOA/credentials/accountPassword",
              "type": "string"
            }
          },
          "required": [
            "accountId",
            "accountPassword"
          ]
        },
        "appno": {
          "id": "http://jsonschema.net/getNOA/appno",
          "type": "string"
        }
      },
      "required": [
        "credentials",
        "appno"
      ]
    }
  },
  "required": [
    "getNOA"
  ]
}