{
  "$schema": "http://json-schema.org/draft-04/schema#",
  "id": "http://jsonschema.net",
  "type": "object",
  "properties": {
    "paymentAuth": {
      "id": "http://jsonschema.net/paymentAuth",
      "type": "object",
      "properties": {
        "credentials": {
          "id": "http://jsonschema.net/paymentAuth/credentials",
          "type": "object",
          "properties": {
            "accountId": {
              "id": "http://jsonschema.net/paymentAuth/credentials/accountId",
              "type": "string"
            },
            "accountPassword": {
              "id": "http://jsonschema.net/paymentAuth/credentials/accountPassword",
              "type": "string"
            }
          },
          "required": [
            "accountId",
            "accountPassword"
          ]
        },
        "paymentAuthEntity": {
          "id": "http://jsonschema.net/paymentAuth/paymentAuthEntity",
          "type": "object",
          "properties": {
            "customerId": {
              "id": "http://jsonschema.net/paymentAuth/paymentAuthEntity/customerId",
              "type": "string"
            },
            "lenderAppNumber": {
              "id": "http://jsonschema.net/paymentAuth/paymentAuthEntity/lenderAppNumber",
              "type": "string"
            },
            "paymentMode": {
              "id": "http://jsonschema.net/paymentAuth/paymentAuthEntity/paymentMode",
              "type": "string"
            },
            "cardInfo": {
              "id": "http://jsonschema.net/paymentAuth/paymentAuthEntity/cardInfo",
              "type": "object",
              "properties": {
                "cardType": {
                  "id": "http://jsonschema.net/paymentAuth/paymentAuthEntity/cardInfo/cardType",
                  "type": "string"
                },
                "nameOnCard": {
                  "id": "http://jsonschema.net/paymentAuth/paymentAuthEntity/cardInfo/nameOnCard",
                  "type": "string"
                },
                "cardNbr": {
                  "id": "http://jsonschema.net/paymentAuth/paymentAuthEntity/cardInfo/cardNbr",
                  "type": "string"
                },
                "cardExpiryDt": {
                  "id": "http://jsonschema.net/paymentAuth/paymentAuthEntity/cardInfo/cardExpiryDt",
                  "type": "string"
                },
                "cardCVV": {
                  "id": "http://jsonschema.net/paymentAuth/paymentAuthEntity/cardInfo/cardCVV",
                  "type": "string"
                }
              }
            },
            "bankInfo": {
              "id": "http://jsonschema.net/paymentAuth/paymentAuthEntity/bankInfo",
              "type": "object",
              "properties": {
                "accountType": {
                  "id": "http://jsonschema.net/paymentAuth/paymentAuthEntity/bankInfo/accountType",
                  "type": "string"
                },
                "abaCode": {
                  "id": "http://jsonschema.net/paymentAuth/paymentAuthEntity/bankInfo/abaCode",
                  "type": "string"
                },
                "accountNbr": {
                  "id": "http://jsonschema.net/paymentAuth/paymentAuthEntity/bankInfo/accountNbr",
                  "type": "string"
                }
              }
            }
          }
        }
      },
      "required": [
        "credentials",
        "paymentAuthEntity"
      ]
    }
  },
  "required": [
    "paymentAuth"
  ]
}