{
  "$schema": "http://json-schema.org/draft-04/schema#",
  "id": "http://jsonschema.net",
  "type": "object",
  "properties": {
    "registerMerchant": {
      "id": "http://jsonschema.net/registerMerchant",
      "type": "object",
      "properties": {
        "merchantDetails": {
          "id": "http://jsonschema.net/registerMerchant/merchantDetails",
          "type": "object",
          "properties": {
            "merchantCode": {
              "id": "http://jsonschema.net/registerMerchant/merchantDetails/merchantCode",
              "type": "string"
            },
            "merchantName": {
              "id": "http://jsonschema.net/registerMerchant/merchantDetails/merchantName",
              "type": "string"
            },
            "addrLine1": {
              "id": "http://jsonschema.net/registerMerchant/merchantDetails/addrLine1",
              "type": "string"
            },
            "addrLine2": {
              "id": "http://jsonschema.net/registerMerchant/merchantDetails/addrLine2",
              "type": "string"
            },
            "city": {
              "id": "http://jsonschema.net/registerMerchant/merchantDetails/city",
              "type": "string"
            },
            "stateId": {
              "id": "http://jsonschema.net/registerMerchant/merchantDetails/stateId",
              "type": "string"
            },
            "countryId": {
              "id": "http://jsonschema.net/registerMerchant/merchantDetails/countryId",
              "type": "string"
            },
            "postalId": {
              "id": "http://jsonschema.net/registerMerchant/merchantDetails/postalId",
              "type": "string"
            },
            "emailId": {
              "id": "http://jsonschema.net/registerMerchant/merchantDetails/emailId",
              "type": "string"
            },
            "primaryPhoneNum": {
              "id": "http://jsonschema.net/registerMerchant/merchantDetails/primaryPhoneNum",
              "type": "string"
            },
            "primaryPhoneExt": {
              "id": "http://jsonschema.net/registerMerchant/merchantDetails/primaryPhoneExt",
              "type": "string"
            },
            "altPhoneNum": {
              "id": "http://jsonschema.net/registerMerchant/merchantDetails/altPhoneNum",
              "type": "string"
            },
            "altPhoneExt": {
              "id": "http://jsonschema.net/registerMerchant/merchantDetails/altPhoneExt",
              "type": "string"
            },
            "faxNum": {
              "id": "http://jsonschema.net/registerMerchant/merchantDetails/faxNum",
              "type": "string"
            },
            "faxId": {
              "id": "http://jsonschema.net/registerMerchant/merchantDetails/faxId",
              "type": "string"
            },
            "websiteAddress": {
              "id": "http://jsonschema.net/registerMerchant/merchantDetails/websiteAddress",
              "type": "string"
            },
            "orgTypeId": {
              "id": "http://jsonschema.net/registerMerchant/merchantDetails/orgTypeId",
              "type": "string"
            },
            "yearsInBusiness": {
              "id": "http://jsonschema.net/registerMerchant/merchantDetails/yearsInBusiness",
              "type": "string"
            },
            "annualSalesId": {
              "id": "http://jsonschema.net/registerMerchant/merchantDetails/annualSalesId",
              "type": "string"
            },
            "perSalesId": {
              "id": "http://jsonschema.net/registerMerchant/merchantDetails/perSalesId",
              "type": "string"
            },
            "industryTypeId": {
              "id": "http://jsonschema.net/registerMerchant/merchantDetails/industryTypeId",
              "type": "string"
            },
            "dunsNo": {
              "id": "http://jsonschema.net/registerMerchant/merchantDetails/dunsNo",
              "type": "string"
            },
            "taxId": {
              "id": "http://jsonschema.net/registerMerchant/merchantDetails/taxId",
              "type": "string"
            },
            "bankInfo": {
              "id": "http://jsonschema.net/registerMerchant/merchantDetails/bankInfo",
              "type": "object",
              "properties": {
                "abaCode": {
                  "id": "http://jsonschema.net/registerMerchant/merchantDetails/bankInfo/abaCode",
                  "type": "string"
                },
                "accountNbr": {
                  "id": "http://jsonschema.net/registerMerchant/merchantDetails/bankInfo/accountNbr",
                  "type": "string"
                },
                "hasDirectDeposit": {
                  "id": "http://jsonschema.net/registerMerchant/merchantDetails/bankInfo/hasDirectDeposit",
                  "type": "string"
                },
                "accountType": {
                  "id": "http://jsonschema.net/registerMerchant/merchantDetails/bankInfo/accountType",
                  "type": "string"
                }
              }
            }
          },
          "required": [
            "merchantCode",
            "merchantName",
            "addrLine1",
            "addrLine2",
            "city",
            "stateId",
            "countryId",
            "postalId",
            "emailId",
            "primaryPhoneNum",
            "primaryPhoneExt",
            "altPhoneNum",
            "altPhoneExt",
            "faxNum",
            "faxId",
            "websiteAddress",
            "orgTypeId",
            "yearsInBusiness",
            "annualSalesId",
            "perSalesId",
            "industryTypeId",
            "dunsNo",
            "taxId",
            "bankInfo"
          ]
        }
      },
      "required": [
        "merchantDetails"
      ]
    }
  },
  "required": [
    "registerMerchant"
  ]
}