{
  "$schema": "http://json-schema.org/draft-04/schema#",
  "id": "http://jsonschema.net",
  "type": "object",
  "properties": {
    "viewSchedule": {
      "id": "http://jsonschema.net/viewSchedule",
      "type": "object",
      "properties": {
        "custNbr": {
          "id": "http://jsonschema.net/viewSchedule/custNbr",
          "type": "string"
        },
        "loanAmt": {
          "id": "http://jsonschema.net/viewSchedule/loanAmt",
          "type": "string"
        },
        "locNbr": {
          "id": "http://jsonschema.net/viewSchedule/locNbr",
          "type": "string"
        },
        "nbrOfInst": {
          "id": "http://jsonschema.net/viewSchedule/nbrOfInst",
          "type": "string"
        }
      },
      "required": [
        "custNbr",
        "loanAmt",
        "locNbr",
        "nbrOfInst"
      ]
    }
  },
  "required": [
    "viewSchedule"
  ]
}