{
  "$schema": "http://json-schema.org/draft-04/schema#",
  "id": "http://jsonschema.net",
  "type": "object",
  "properties": {
    "voidPayment": {
      "id": "http://jsonschema.net/voidPayment",
      "type": "object",
      "properties": {
        "credentials": {
          "id": "http://jsonschema.net/voidPayment/credentials",
          "type": "object",
          "properties": {
            "accountId": {
              "id": "http://jsonschema.net/voidPayment/credentials/accountId",
              "type": "string"
            },
            "accountPassword": {
              "id": "http://jsonschema.net/voidPayment/credentials/accountPassword",
              "type": "string"
            }
          },
          "required": [
            "accountId",
            "accountPassword"
          ]
        },
        "customerId": {
          "id": "http://jsonschema.net/voidPayment/customerId",
          "type": "string"
        },
        "loanPaymentEntity": {
          "id": "http://jsonschema.net/voidPayment/loanPaymentEntity",
          "type": "object",
          "properties": {
            "loanNumber": {
              "id": "http://jsonschema.net/voidPayment/loanPaymentEntity/loanNumber",
              "type": "string"
            },
            "productType": {
              "id": "http://jsonschema.net/voidPayment/loanPaymentEntity/productType",
              "type": "string"
            },
            "paymentAmount": {
              "id": "http://jsonschema.net/voidPayment/loanPaymentEntity/paymentAmount",
              "type": "string"
            },
            "loanTranCode": {
              "id": "http://jsonschema.net/voidPayment/loanPaymentEntity/loanTranCode",
              "type": "string"
            }
          }
        }
      },
      "required": [
        "credentials",
        "customerId",
        "loanPaymentEntity"
      ]
    }
  },
  "required": [
    "voidPayment"
  ]
}