{
  "$schema": "http://json-schema.org/draft-04/schema#",
  "type": "object",
  "properties": {
    "credentials": {
      "type": "object",
      "properties": {
        "accountId": {
          "type": "string"
        },
        "accountPassword": {
          "type": "string"
        }
      }
    },
    "customerId": {
      "type": "string"
    },
    "secureToken": {
      "type": "string"
    },
    "source": {
      "type": "string"
    },
    "addincomeInfo": {
      "type": "array",
      "items": {
        "type": "object",
        "properties": {
          "employmentStatus": {
            "type": "string"
          },
          "payFreq": {
            "type": "string"
          },
          "nextPayDate": {
            "type": "string"
          },
          "firstPayDate": {
            "type": "string"
          },
          "secondPayDate": {
            "type": "string"
          },
          "grossPay": {
            "type": "string"
          },
          "takeHome": {
            "type": "string"
          },
          "hasDirectDeposit": {
            "type": "string"
          },
          "incomeSource": {
            "type": "string"
          },
          "monPayDateType": {
            "type": "string"
          },
          "monDate": {
            "type": "string"
          },
          "monDay": {
            "type": "string"
          },
          "monWeek": {
            "type": "string"
          },
          "semPayDateType": {
            "type": "string"
          },
          "semOthPayDateType": {
            "type": "string"
          },
          "semFirDate": {
            "type": "string"
          },
          "semSecDate": {
            "type": "string"
          },
          "semFirWeek": {
            "type": "string"
          },
          "semFirDay": {
            "type": "string"
          },
          "semSecWeek": {
            "type": "string"
          },
          "semSecDay": {
            "type": "string"
          },
          "weekday": {
            "type": "string"
          },
          "employerInfo": {
            "type": "object",
            "properties": {
              "employmentType": {
                "type": "string"
              },
              "monthsOfService": {
                "type": "string"
              },
              "employerName": {
                "type": "string"
              },
              "employerPhoneNbr": {
                "type": "string"
              },
              "employerPhoneNbrExt": {
                "type": "string"
              },
              "jobTitle": {
                "type": "string"
              }
            }
          }
        }
      }
    }
  }
}