{
  "$schema": "http://json-schema.org/draft-04/schema#",
  "type": "object",
  "properties": {
    "credentials": {
      "type": "object",
      "properties": {
        "accountId": {
          "type": "string"
        },
        "accountPassword": {
          "type": "string"
        }
      }
    },
    "secureToken": {
      "type": "string"
    },
    "customerKey": {
      "type": "string"
    },
    "source": {
      "type": "string"
    },
    "personalInfo": {
      "type": "object",
      "properties": {
        "customerId": {
          "type": "string"
        },
        "activeMilitary": {
          "type": "string"
        },
        "nameInfo": {
          "type": "object",
          "properties": {
            "firstName": {
              "type": "string"
            },
            "lastName": {
              "type": "string"
            },
            "middleName": {
              "type": "string"
            }
          }
        },
        "addressInfo": {
          "type": "object",
          "properties": {
            "addressLine1": {
              "type": "string"
            },
            "addressLine2": {
              "type": "string"
            },
            "city": {
              "type": "string"
            },
            "state": {
              "type": "string"
            },
            "zipcode": {
              "type": "string"
            },
            "monthsAtAddress": {
              "type": "string"
            },
            "ownHouse": {
              "type": "string"
            }
          }
        },
        "iddetailsInfo": {
          "type": "object",
          "properties": {
            "ssn": {
              "type": "string"
            },
            "userIdentification": {
              "type": "object",
              "properties": {
                "idType": {
                  "type": "string"
                },
                "otherIdType": {
                  "type": "string"
                },
                "idNumber": {
                  "type": "string"
                },
                "idState": {
                  "type": "string"
                },
                "idZipCode": {
                  "type": "string"
                },
                "idExpDate": {
                  "type": "string"
                }
              }
            },
            "custCommInfo": {
              "type": "object",
              "properties": {
                "emailId": {
                  "type": "string"
                },
                "dateOfBirth": {
                  "type": "string"
                },
                "preferredPhoneNbr": {
                  "type": "string"
                },
                "preferredPhoneNbrType": {
                  "type": "string"
                },
                "secondaryPhoneNbr": {
                  "type": "string"
                },
                "secondaryPhoneNbrType": {
                  "type": "string"
                },
                "alternatePhoneNbr": {
                  "type": "string"
                },
                "alternatePhoneNbrType": {
                  "type": "string"
                },
                "source": {
                  "type": "string"
                },
                "otherSource": {
                  "type": "string"
                }
              }
            },
            "referenceInfo": {
              "type": "object",
              "properties": {
                "primaryRefFirstName": {
                  "type": "string"
                },
                "primaryRefLastName": {
                  "type": "string"
                },
                "primaryRefPhone": {
                  "type": "string"
                },
                "primaryRefRelationType": {
                  "type": "string"
                },
                "secondaryRefFirstName": {
                  "type": "string"
                },
                "secondaryRefLastName": {
                  "type": "string"
                },
                "secondaryRefPhone": {
                  "type": "string"
                },
                "secondaryRefRelationType": {
                  "type": "string"
                }
              }
            }
          }
        }
      }
    }
  }
}