{
    "$schema": "http://json-schema.org/draft-04/schema#",
    "definitions": {},
    "id": "http://example.com/example.json",
    "properties": {
        "credentials": {
            "id": "/properties/credentials",
            "properties": {
                "accountId": {
                    "id": "/properties/credentials/properties/accountId",
                    "type": "string"
                },
                "accountPassword": {
                    "id": "/properties/credentials/properties/accountPassword",
                    "type": "string"
                }
            },
            "type": "object"
        },
        "password": {
            "id": "/properties/password",
            "type": "string"
        },
        "secureToken": {
            "id": "/properties/secureToken",
            "type": "string"
        },
        "userName": {
            "id": "/properties/userName",
            "type": "string"
        }
    },
    "type": "object"
}