{
  "$schema": "http://json-schema.org/draft-04/schema#",
  "type": "object",
  "properties": {
    "credentials": {
      "type": "object",
      "properties": {
        "accountId": {
          "type": "string"
        },
        "accountPassword": {
          "type": "string"
        }
      },
      "required": [
        "accountId",
        "accountPassword"
      ]
    },
    "customerId": {
      "type": "string"
    },
    "source": {
      "type": "string"
    },
    "cardInfo": {
      "type": "object",
      "properties": {
        "nameOnCard": {
          "type": "string"
        },
        "cardNbr": {
          "type": "string"
        },
        "cardExpiryDt": {
          "type": "string"
        },
        "cardCVV": {
          "type": "string"
        },
        "billingAddress": {
          "type": "string"
        },
        "cardType": {
          "type": "string"
        }
      },
      "required": [
        "nameOnCard",
        "cardNbr",
        "cardExpiryDt",
        "cardCVV"
      ]
    },
    "repaymentMethod": {
      "type": "string"
    },
    "appNbr": {
      "type": "string"
    }
  },
  "required": [
    "credentials",
    "customerId",
    "source"
    
  ]
}