{
  "$schema": "http://json-schema.org/draft-04/schema#",
  "type": "object",
  "properties": {
    "credentials": {
      "type": "object",
      "properties": {
        "accountId": {
          "type": "string"
        },
        "accountPassword": {
          "type": "string"
        }
      },
      "required": [
        "accountId",
        "accountPassword"
      ]
    },
    "customerId": {
      "type": "string"
    },
    "source": {
      "type": "string"
    },
    "bankInfo": {
      "type": "object",
      "properties": {
        "abaCode": {
          "type": "string"
        },
        "accountNbr": {
          "type": "string"
        },
        "accountType": {
          "type": "string"
        },
        "cardInfo": {
          "type": "object",
          "properties": {
            "nameOnCard": {
              "type": "string"
            },
            "cardNbr": {
              "type": "string"
            },
            "cardExpiryDt": {
              "type": "string"
            },
            "cardCVV": {
              "type": "string"
            }
          },
          "required": [
            "nameOnCard",
            "cardNbr",
            "cardExpiryDt",
            "cardCVV"
          ]
        }
      },
      "required": [
        "abaCode",
        "accountNbr",
        "accountType",
        "cardInfo"
      ]
    }
  },
  "required": [
    "credentials",
    "customerId",
    "source",
    "bankInfo"
  ]
}