{
  "type": "object",
  "properties": {
    "credentials": {
      "type": "object",
      "properties": {
        "accountId": {
          "type": "string"
        },
        "accountPassword": {
          "type": "string"
        }
      }
    },
    "customerId": {
      "type": "string"
    },
    "source": {
      "type": "string"
    },
    "cardInfo": {
      "type": "object",
      "properties": {
        "nameOnCard": {
          "type": "string"
        },
        "cardNbr": {
          "type": "string"
        },
        "cardExpiryDt": {
          "type": "string"
        },
        "cardCVV": {
          "type": "string"
        }
      }
    }
  }
}