{
  "$schema": "http://json-schema.org/draft-04/schema#",
  "type": "object",
  "properties": {
    "credentials": {
      "type": "object",
      "properties": {
        "accountId": {
          "type": "string"
        },
        "accountPassword": {
          "type": "string"
        }
      },
      "required": [
        "accountId",
        "accountPassword"
      ]
    },
    "secureToken": {
      "type": "string"
    },
    "customerId": {
      "type": "string"
    },
    "applicationNumber": {
      "type": "string"
    },
    "reqLoanAmt": {
      "type": "string"
    },
    "loanType": {
      "type": "string"
    },
    "productName": {
      "type": "string"
    },
    "noOfInst": {
      "type": "string"
    },
    "ruleSetCode": {
      "type": "string"
    },
    "stateCd": {
      "type": "string"
    },
    "source": {
      "type": "string"
    },
    "isPromoApplied": {
      "type": "string"
    },
    "promoValue": {
      "type": "string"
    },
    "promoCode": {
      "type": "string"
    },
    "promoString": {
      "type": "string"
    }
  },
  "required": [
    "credentials",
    "secureToken",
    "customerId",
    "applicationNumber",
    "reqLoanAmt",
    "loanType",
    "productName",
    "noOfInst"
  ]
}