{
  "$schema": "http://json-schema.org/draft-04/schema#",
  "id": "http://jsonschema.net",
  "type": "object",
  "properties": {
    "credentials": {
      "id": "http://jsonschema.net/credentials",
      "type": "object",
      "properties": {
        "accountId": {
          "id": "http://jsonschema.net/credentials/accountId",
          "type": "string"
        },
        "accountPassword": {
          "id": "http://jsonschema.net/credentials/accountPassword",
          "type": "string"
        }
      },
      "required": [
        "accountId",
        "accountPassword"
      ]
    }
  },
   "firstName": {
      "id": "http://jsonschema.net/firstName",
      "type": "string"
    },
    "lastName": {
      "id": "http://jsonschema.net/lastName",
      "type": "string"
    },
     "ssn": {
      "id": "http://jsonschema.net/ssn",
      "type": "string"
    }, 
     "customerId": {
      "id": "http://jsonschema.net/customerId",
      "type": "string"
    },
     "loanNbr": {
      "id": "http://jsonschema.net/loanNbr",
      "type": "string"
    },
     "phoneNbr": {
      "id": "http://jsonschema.net/phoneNbr",
      "type": "string"
    },
  "required": [
    "credentials"
  ]
}