{
  "$schema": "http://json-schema.org/draft-04/schema#",
  "type": "object",
  "properties": {
    "requestMode": {
      "type": "string"
    },
    "emailId": {
      "type": "string"
    },
    "ssn": {
      "type": "string"
    },
    "dob": {
      "type": "string"
    },
    "securityQuestionId": {
      "type": "string"
    },
    "securityQuestionAnswer": {
      "type": "string"
    },
     "fristName": {
      "type": "string"
    },
     "lastName": {
      "type": "string"
    }
  },
  "required": [
    "requestMode"
  ]
}