{
  "$schema": "http://json-schema.org/draft-04/schema#",
  "type": "object",
  "properties": {
    "requestMode": {
      "type": "string"
    },
    "ssn": {
      "type": "string"
    },
    "dob": {
      "type": "string"
    },
    "securityQuestionId": {
      "type": "string"
    },
    "securityQuestionAnswer": {
      "type": "string"
    }
  },
  "required": [
    "requestMode",
    "ssn",
    "dob",
    "securityQuestionId",
    "securityQuestionAnswer"
  ]
}