{
    "$schema": "http://json-schema.org/draft-04/schema#",
    "definitions": {},
    "id": "http://example.com/example.json",
    "properties": {
        "credentials": {
            "id": "/properties/credentials",
            "properties": {
                "accountId": {
                    "id": "/properties/credentials/properties/accountId",
                    "type": "string"
                },
                "accountPassword": {
                    "id": "/properties/credentials/properties/accountPassword",
                    "type": "string"
                }
            },
            "type": "object"
        },
        "maxAmt": {
            "id": "/properties/maxAmt",
            "type": "string"
        },
        "secureToken": {
            "id": "/properties/secureToken",
            "type": "string"
        },
        "storeNbr": {
            "id": "/properties/storeNbr",
            "type": "string"
        },
        "tranCode": {
            "id": "/properties/tranCode",
            "type": "string"
        },
        "tranNbr": {
            "id": "/properties/tranNbr",
            "type": "string"
        }
    },
    "type": "object"
}