{
  "$schema": "http://json-schema.org/draft-04/schema#",
  "type": "object",
  "properties": {
  	"credentials": {
      "id": "http://jsonschema.net/credentials",
      "type": "object",
      "properties": {
        "accountId": {
          "id": "http://jsonschema.net/credentials/accountId",
          "type": "string"
        },
        "accountPassword": {
          "id": "http://jsonschema.net/credentials/accountPassword",
          "type": "string"
        }
      },
      "required": [
        "accountId",
        "accountPassword"
      ]
    },
   "zipCode": {
      "type": "string"
    }
  },
  "required": [
  	"credentials",
    "zipCode"
  ]
}