{
  "$schema": "http://json-schema.org/draft-04/schema#",
  "type": "object",
  "properties": {
    "credentials": {
      "type": "object",
      "properties": {
        "accountId": {
          "type": "string"
        },
        "accountPassword": {
          "type": "string"
        }
      },
      "required": [
        "accountId",
        "accountPassword"
      ]
    },
    "customerId": {
      "type": "string"
    },
    "source": {
      "type": "string"
    },
    "incomeInfo": {
      "type": "object",
      "properties": {
        "employmentStatus": {
          "type": "string"
        },
        "payFreq": {
          "type": "string"
        },
        "nextPayDate": {
          "type": "string"
        },
        "firstPayDate": {
          "type": "string"
        },
        "secondPayDate": {
          "type": "string"
        },
        "grossPay": {
          "type": "string"
        },
        "takeHome": {
          "type": "string"
        },
        "hasDirectDeposit": {
          "type": "string"
        },
        "payMethod": {
          "type": "string"
        },
        "timeatEmployee":{
          "type": "string"
        }
        "employerInfo": {
          "type": "object",
          "properties": {
            "employmentType": {
              "type": "string"
            },
            "monthsOfService": {
              "type": "string"
            },
            "employerName": {
              "type": "string"
            },
            "employerPhoneNbr": {
              "type": "string"
            },
            "employerPhoneNbrExt": {
              "type": "string"
            }
          },
          "required": [
            "employmentType",
            "monthsOfService",
            "employerName",
            "employerPhoneNbr",
            "employerPhoneNbrExt"
          ]
        }
      },
      "required": [
        "employmentStatus",
        "payFreq",
        "nextPayDate",
        "firstPayDate",
        "secondPayDate",
        "grossPay",
        "takeHome",
        "hasDirectDeposit",
        "payMethod",
        "timeatEmployee",
        "employerInfo"
      ]
    }
  },
  "required": [
    "credentials",
    "customerId",
    "source",
    "incomeInfo"
  ]
}