{
  "$schema": "http://json-schema.org/draft-04/schema#",
  "id": "http://jsonschema.net",
  "type": "object",
  "properties": {
    "emailId": {
      "id": "http://jsonschema.net/emailId",
      "type": "string"
    },
      "dob": {
      "id": "http://jsonschema.net/dob",
      "type": "string"
    },
    "ssn": {
      "id": "http://jsonschema.net/ssn",
      "type": "string"
    },
    "securityQuestionId": {
      "id": "http://jsonschema.net/securityQuestionId",
      "type": "string"
    },
    "answer": {
      "id": "http://jsonschema.net/answer",
      "type": "string"
    },
    "lastName": {
      "id": "http://jsonschema.net/lastName",
      "type": "string"
    },
    "firstName": {
      "id": "http://jsonschema.net/firstName",
      "type": "string"
    },
    "zip": {
      "id": "http://jsonschema.net/zip",
      "type": "string"
    },
    "password": {
      "id": "http://jsonschema.net/password",
      "type": "string"
    },
    "verifyPassword": {
      "id": "http://jsonschema.net/verifyPassword",
      "type": "string"
    },
    "secondSecurityQuestionId": {
      "id": "http://jsonschema.net/secondSecurityQuestionId",
      "type": "string"
    },
    "secondSecurityquestionAnswer": {
      "id": "http://jsonschema.net/secondSecurityquestionAnswer",
      "type": "string"
    },
    "thirdSecurityQuestionId": {
      "id": "http://jsonschema.net/thirdSecurityQuestionId",
      "type": "string"
    },
    "thirdSecurityquestionAnswer": {
      "id": "http://jsonschema.net/thirdSecurityquestionAnswer",
      "type": "string"
    },
    "stateCode": {
      "id": "http://jsonschema.net/stateCode",
      "type": "string"
    }
  },
  "required": [
    "emailId",
    "ssn",
    "dob",
    "lastName",
    "firstName",
    "zip",
    "password",
    "verifyPassword",
    "securityQuestionId",
    "answer",
    "secondSecurityQuestionId",
    "secondSecurityquestionAnswer",
    "thirdSecurityQuestionId",
    "thirdSecurityquestionAnswer"
  ]
}