{
  "$schema": "http://json-schema.org/draft-04/schema#",
  "type": "object",
  "properties": {
    "credentials": {
      "type": "object",
      "properties": {
        "accountId": {
          "type": "string"
        },
        "accountPassword": {
          "type": "string"
        }
      },
      "required": [
        "accountId",
        "accountPassword"
      ]
    },
    "deviceLocation": {
      "type": "object",
      "properties": {
        "latitude": {
          "type": "string"
        },
        "longitude": {
          "type": "string"
        }
      },
      "required": [
        "latitude",
        "longitude"
      ]
    }
  },
  "required": [
    "credentials",
    "deviceLocation"
  ]
 }