{
  "$schema": "http://json-schema.org/draft-04/schema#",
  "id": "http://jsonschema.net",
  "type": "object",
  "properties": {
    "credentials": {
      "id": "http://jsonschema.net/credentials",
      "type": "object",
      "properties": {
        "accountId": {
          "id": "http://jsonschema.net/credentials/accountId",
          "type": "string"
        },
        "accountPassword": {
          "id": "http://jsonschema.net/credentials/accountPassword",
          "type": "string"
        }
      },
      "required": [
        "accountId",
        "accountPassword"
      ]
    }
  },
   "userName": {
      "id": "http://jsonschema.net/userName",
      "type": "string"
    },
    "password": {
      "id": "http://jsonschema.net/password",
      "type": "string"
    },
    "loginType": {
      "id": "http://jsonschema.net/loginType",
      "type": "string"
    },
    "storeId": {
      "id": "http://jsonschema.net/storeId",
      "type": "string"
    },
    "systemIp": {
      "id": "http://jsonschema.net/systemIp",
      "type": "string"
    },
  "required": [
    "credentials",
    "userName",
    "password",
    "loginType",
    "storeId"
  ]
}