{
  "$schema": "http://json-schema.org/draft-04/schema#",
  "type": "object",
  "properties": {
    "credentials": {
      "type": "object",
      "properties": {
        "accountId": {
          "type": "string"
        },
        "accountPassword": {
          "type": "string"
        }
      },
      "required": [
        "accountId",
        "accountPassword"
      ]
    },
    "secureToken": {
      "type": "string"
    },
    "loanNumber": {
      "type": "string"
    },
    "paymentAmt": {
      "type": "string"
    },
    "paymentType": {
      "type": "string"
    },
    "source": {
      "type": "string"
    },
    "cardInfo": {
      "type": "object",
      "properties": {
        "paymentMethodId": {
          "type": "string"
        },
        "cardNbr": {
          "type": "string"
        },
        "cardExpiryDt": {
          "type": "string"
        },
        "cardCVV": {
          "type": "string"
        }
      },
      "required": [
        "cardNbr"
      ]
    }
  },
  "required": [
    "credentials",
    "loanNumber",
    "paymentAmt" 
  ]
}