{
  "$schema": "http://json-schema.org/draft-04/schema#",
  "type": "object",
  "properties": {
    "credentials": {
      "type": "object",
      "properties": {
        "accountId": {
          "type": "string"
        },
        "accountPassword": {
          "type": "string"
        }
      },
      "required": [
        "accountId",
        "accountPassword"
      ]
    },
    "customerKey": {
      "type": "string"
    },
    "source": {
      "type": "string"
    },
    "customerDetails": {
      "type": "object",
      "properties": {
        "personalInfo": {
          "type": "object",
          "properties": {
            "customerId": {
              "type": "string"
            },
            "activeMilitary": {
              "type": "string"
            },
            "nameInfo": {
              "type": "object",
              "properties": {
                "firstName": {
                  "type": "string"
                },
                "lastName": {
                  "type": "string"
                },
                "middleName": {
                  "type": "string"
                }
              },
              "required": [
                "firstName",
                "lastName",
                "middleName"
              ]
            },
            "addressInfo": {
              "type": "object",
              "properties": {
                "addressLine1": {
                  "type": "string"
                },
                "addressLine2": {
                  "type": "string"
                },
                "city": {
                  "type": "string"
                },
                "state": {
                  "type": "string"
                },
                "zipcode": {
                  "type": "string"
                },
                "monthsAtAddress": {
                  "type": "string"
                },
                "ownHouse": {
                  "type": "string"
                }
              },
              "required": [
                "addressLine1",
                "addressLine2",
                "city",
                "state",
                "zipcode",
                "monthsAtAddress",
                "ownHouse"
              ]
            },
            "iddetailsInfo": {
              "type": "object",
              "properties": {
                "ssn": {
                  "type": "string"
                },
                "userIdentification": {
                  "type": "object",
                  "properties": {
                    "idType": {
                      "type": "string"
                    },
                    "idNumber": {
                      "type": "string"
                    },
                    "idState": {
                      "type": "string"
                    },
                    "idZipCode": {
                      "type": "string"
                    },
                    "idExpDate": {
                      "type": "string"
                    }
                  },
                  "required": [
                    "idType",
                    "idNumber",
                    "idState",
                    "idZipCode",
                    "idExpDate"
                  ]
                }
              },
              "required": [
                "ssn",
                "userIdentification"
              ]
            },
            "custCommInfo": {
              "type": "object",
              "properties": {
                "emailId": {
                  "type": "string"
                },
                "dateOfBirth": {
                  "type": "string"
                },
                "preferredPhoneNbr": {
                  "type": "string"
                },
                "preferredPhoneNbrType": {
                  "type": "string"
                },
                "secondaryPhoneNbr": {
                  "type": "string"
                },
                "secondaryPhoneNbrType": {
                  "type": "string"
                },
                "alternatePhoneNbr": {
                  "type": "string"
                },
                "alternatePhoneNbrType": {
                  "type": "string"
                },
                "source": {
                  "type": "string"
                }
              },
              "required": [
                "emailId",
                "dateOfBirth",
                "preferredPhoneNbr",
                "preferredPhoneNbrType",
                "secondaryPhoneNbr",
                "secondaryPhoneNbrType",
                "alternatePhoneNbr",
                "alternatePhoneNbrType",
                "source"
              ]
            },
            "referenceInfo": {
              "type": "object",
              "properties": {
                "primaryRefFirstName": {
                  "type": "string"
                },
                "primaryRefLastName": {
                  "type": "string"
                },
                "primaryRefPhone": {
                  "type": "string"
                },
                "primaryRefRelationType": {
                  "type": "string"
                },
                "secondaryRefFirstName": {
                  "type": "string"
                },
                "secondaryRefLastName": {
                  "type": "string"
                },
                "secondaryRefPhone": {
                  "type": "string"
                },
                "secondaryRefRelationType": {
                  "type": "string"
                }
              },
              "required": [
                "primaryRefFirstName",
                "primaryRefLastName",
                "primaryRefPhone",
                "primaryRefRelationType",
                "secondaryRefFirstName",
                "secondaryRefLastName",
                "secondaryRefPhone",
                "secondaryRefRelationType"
              ]
            }
          },
          "required": [
            "customerId",
            "activeMilitary",
            "nameInfo",
            "addressInfo",
            "iddetailsInfo",
            "custCommInfo",
            "referenceInfo"
          ]
        },
        "incomeInfo": {
          "type": "object",
          "properties": {
            "employmentStatus": {
              "type": "string"
            },
            "payFreq": {
              "type": "string"
            },
            "nextPayDate": {
              "type": "string"
            },
            "firstPayDate": {
              "type": "string"
            },
            "secondPayDate": {
              "type": "string"
            },
            "grossPay": {
              "type": "string"
            },
            "takeHome": {
              "type": "string"
            },
            "hasDirectDeposit": {
              "type": "string"
            },
            "employerInfo": {
              "type": "object",
              "properties": {
                "employmentType": {
                  "type": "string"
                },
                "monthsOfService": {
                  "type": "string"
                },
                "employerName": {
                  "type": "string"
                },
                "employerPhoneNbr": {
                  "type": "string"
                },
                "employerPhoneNbrExt": {
                  "type": "string"
                }
              },
              "required": [
                "employmentType",
                "monthsOfService",
                "employerName",
                "employerPhoneNbr",
                "employerPhoneNbrExt"
              ]
            }
          },
          "required": [
            "employmentStatus",
            "payFreq",
            "nextPayDate",
            "firstPayDate",
            "secondPayDate",
            "grossPay",
            "takeHome",
            "hasDirectDeposit",
            "employerInfo"
          ]
        },
        "bankInfo": {
          "type": "object",
          "properties": {
            "abaCode": {
              "type": "string"
            },
            "accountNbr": {
              "type": "string"
            },
            "cardInfo": {
              "type": "object",
              "properties": {
                "nameOnCard": {
                  "type": "string"
                },
                "cardNbr": {
                  "type": "string"
                },
                "cardExpiryDt": {
                  "type": "string"
                },
                "cardCVV": {
                  "type": "string"
                }
              },
              "required": [
                "nameOnCard",
                "cardNbr",
                "cardExpiryDt",
                "cardCVV"
              ]
            }
          },
          "required": [
            "abaCode",
            "accountNbr",
            "cardInfo"
          ]
        }
      },
      "required": [
        "personalInfo",
        "incomeInfo",
        "bankInfo"
      ]
    },
    "loginType": {
      "type": "string"
    },
    "storeId": {
      "type": "string"
    }
  },
  "required": [
    "credentials",
    "customerKey",
    "source",
    "customerDetails",
    "loginType",
    "storeId"
  ]
}