{
  "$schema": "http://json-schema.org/draft-04/schema#",
  "type": "object",
  "properties": {
    "credentials": {
      "type": "object",
      "properties": {
        "accountId": {
          "type": "string"
        },
        "accountPassword": {
          "type": "string"
        }
      },
      "required": [
        "accountId",
        "accountPassword"
      ]
    },
    "secureToken": {
      "type": "string"
    },
    "loanNumber": {
      "type": "string"
    },
    "customerId": {
      "type": "string"
    },
    "achCode": {
      "type": "string"
    },
    "achEffectiveDate": {
      "type": "string"
      }
    },
   
  "required": [
    "credentials",
    "loanNumber",
    "customerId"  ,
    "achCode" ,
    "achEffectiveDate"
  ]
}