{
  "$schema": "http://json-schema.org/draft-04/schema#",
  "type": "object",
  "properties": {
    "credentials": {
      "type": "object",
      "properties": {
        "accountId": {
          "type": "string"
        },
        "accountPassword": {
          "type": "string"
        }
      },
      "required": [
        "accountId",
        "accountPassword"
      ]
    },
    "secureToken": {
      "type": "string"
    },
    "customerId": {
      "type": "string"
    },
    "loanNumber": {
      "type": "string"
    },
    "loanType": {
      "type": "string"
    },
    "rescindInfo": {
      "type": "object",
      "properties": {
        "loanAmount": {
          "type": "string"
        },
        "disbType": {
          "type": "string"
        }
      },
      "required": [
        "loanAmount",
        "disbType"
      ]
    }
  },
  "required": [
    "credentials",
    "secureToken",
    "customerId",
    "loanNumber",
    "loanType"
  ]
}