{
  "$schema": "http://json-schema.org/draft-04/schema#",
  "id": "http://jsonschema.net",
  "type": "object",
  "properties": {
    "emailId": {
      "id": "http://jsonschema.net/emailId",
      "type": "string"
    },
    "password": {
      "id": "http://jsonschema.net/password",
      "type": "string"
    },
    "securityQuestionId": {
      "id": "http://jsonschema.net/securityQuestionId",
      "type": "string"
    },
    "answer": {
      "id": "http://jsonschema.net/answer",
      "type": "string"
    },
    "secondSecurityQuestionId": {
      "type": "string"
    },
    "secondSecurityAnswer": {
      "type": "string"
    },
    "thirdSecurityQuestionId": {
      "type": "string"
    },
    "thirdSecurityAnswer": {
      "type": "string"
    },
    "gcmid": {
      "type": "string"
    },
    "source": {
      "type": "string"
    }
    
  },
  "required": [
    "emailId",
    "password",
    "securityQuestionId",
    "answer"
  ]
}