{
    "$schema": "http://json-schema.org/draft-04/schema#",
    "definitions": {},
    "id": "http://example.com/example.json",
    "properties": {
        "applicationNumber": {
            "type": "string"
        },
        "credentials": {
            "properties": {
                "accountId": {
                    "type": "string"
                },
                "accountPassword": {
                    "type": "string"
                }
            },
            "required": [
                "accountPassword",
                "accountId"
            ],
            "type": "object"
        },
        "customerId": {
            "type": "string"
        }
    },
    "required": [
        "applicationNumber",
        "credentials",
        "customerId"
    ],
    "type": "object"
}