{
  "$schema": "http://json-schema.org/draft-04/schema#",
  "id": "http://jsonschema.net",
  "type": "object",
  "properties": {
    "credentials": {
      "id": "http://jsonschema.net/credentials",
      "type": "object",
      "properties": {
        "accountId": {
          "id": "http://jsonschema.net/credentials/accountId",
          "type": "string"
        },
        "accountPassword": {
          "id": "http://jsonschema.net/credentials/accountPassword",
          "type": "string"
        }
      },
      "required": [
        "accountId",
        "accountPassword"
      ]
    }
  },
   "emailId": {
      "id": "http://jsonschema.net/emailId",
      "type": "string"
    },
    "password": {
      "id": "http://jsonschema.net/password",
      "type": "string"
    },
    "source": {
      "type": "string"
    },
  "required": [
    "credentials",
    "emailId",
    "password"
  ]
}