{
	"$schema": "http://json-schema.org/draft-04/schema#",
	"type": "object",
	"properties": {
		"credentials": {
			"type": "object",
			"properties": {
				"accountId": {
					"type": "string"
				},
				"accountPassword": {
					"type": "string"
				}
			},
			"required": [
				"accountId",
				"accountPassword"
			]
		},
		"secureToken": {
			"type": "string"
		},
		"customerKey": {
			"type": "string"
		},
		"source": {
			"type": "string"
		},
		"primaryPhone": {
			"type": "string"
		},
		"primaryPhoneType": {
			"type": "string"
		},
		"orgCode": {
			"type": "string"
		},
		"locNbr": {
			"type": "string"
		},
		"actionType": {
			"type": "string"
		},
		"loginUser": {
			"type": "string"
		},
		"seqNo": {
			"type": "string"
		},
		"customerId": {
			"type": "string"
		},
		"pinNumber": {
			"type": "string"
		},
		"AppseqNum": {
			"type": "string"
		}
	}
}