{
  "$schema": "http://json-schema.org/draft-04/schema#",
  "id": "http://jsonschema.net",
  "type": "object",
  "properties": {
    "emailId": {
      "id": "http://jsonschema.net/emailId",
      "type": "string"
    },
      "dob": {
      "id": "http://jsonschema.net/dob",
      "type": "string"
    },
    "ssn": {
      "id": "http://jsonschema.net/ssn",
      "type": "string"
    },
    "securityQuestionId": {
      "id": "http://jsonschema.net/securityQuestionId",
      "type": "string"
    },
    "answer": {
      "id": "http://jsonschema.net/answer",
      "type": "string"
    }
  },
  "required": [
    "emailId",
    "ssn",
    "dob",
    "securityQuestionId",
    "answer"
  ]
}