{
  "$schema": "http://json-schema.org/draft-04/schema#",
  "type": "object",
  "properties": {
    "credentials": {
      "type": "object",
      "properties": {
        "accountId": {
          "type": "string"
        },
        "accountPassword": {
          "type": "string"
        }
      },
      "required": [
        "accountId",
        "accountPassword"
      ]
    },
    "secureToken": {
      "type": "string"
    },
    "customerId": {
      "type": "string"
    },
    "applicationNumber": {
      "type": "string"
    },
    "docList": {
      "type": "array",
      "items": {
        "type": "object",
        "properties": {
          "docType": {
            "type": "string"
          },
          "docAttachment": {
            "type": "string"
          }
        },
        "minItems": 1,
        "required": [
          "docType",
          "docAttachment"
        ]
      }
    }
  },
  "required": [
    "credentials",  
    "docList"
  ]
}