{
  "$schema": "http://json-schema.org/draft-04/schema#",
  "type": "object",
  "properties": {
    "credentials": {
      "type": "object",
      "properties": {
        "accountId": {
          "type": "string"
        },
        "accountPassword": {
          "type": "string"
        }
      },
      "required": [
        "accountId",
        "accountPassword"
      ]
    },
    "serviceOperation": {
      "type": "string"
    },
    "custNbr": {
      "type": "string"
    },
    "emailId": {
      "type": "string"
    },
    "utm_tags": {
      "type": "object",
      "properties": {
        "utm_source": {
          "type": "string"
        },
        "utm_medium": {
          "type": "string"
        },
        "utm_campaign": {
          "type": "string"
        },
        "utm_content": {
          "type": "string"
        },
        "date": {
          "type": "string"
        },
        "utm_var": {
          "type": "string"
        }
      }
    }
  },
  "required": [    "credentials"  ]
}