{
  "$schema": "http://json-schema.org/draft-04/schema#",
  "type": "object",
  "properties": {
    "credentials": {
      "type": "object",
      "properties": {
        "accountId": {
          "type": "string"
        },
        "accountPassword": {
          "type": "string"
        }
      },
      "required": [
        "accountId",
        "accountPassword"
      ]
    },    
    "phoneNbr": {
      "type": "string"
    },
    "stateId": {
      "type": "string"
    }    
  },
  "required": [
    "credentials",
    "phoneNbr",
    "stateId"    
  ]
}