{
  "$schema": "http://json-schema.org/draft-04/schema#",
  "type": "object",
  "properties": {
    "credentials": {
      "type": "object",
      "properties": {
        "accountId": {
          "type": "string"
        },
        "accountPassword": {
          "type": "string"
        }
      },
      "required": [
        "accountId",
        "accountPassword"
      ]
    },
    "secureToken": {
      "type": "string"
    },
    "customerId": {
      "type": "string"
    },
    "loanCode": {
      "type": "string"
    }
    
  },
  "required": [
    "credentials",
    "secureToken",
    "customerId",
    "loanCode"   
  ]
}