{
  "$schema": "http://json-schema.org/draft-04/schema#",
  "type": "object",
  "properties": {
    "locNbr": {
      "type": "integer",
      "id": "http://jsonschema.net/locNbr"
    },
    "stateId": {
      "type": "string",
      "id": "http://jsonschema.net/stateId"
    },
    "productType": {
      "type": "string",
      "id": "http://jsonschema.net/productType"
    }
  },
  "id": "http://jsonschema.net",
  "required": [
    "locNbr",
    "stateId",
    "productType"
  ]
}